"question_content";"question_content_image";"answer_content";"answer_content_image";"box_number";"last_reviewed"
"";"images_questions/TELECOM_dit/2026_10_01_09_01_25_1790838085_Q.png";"";"images_reponses/TELECOM_dit/2026_10_01_09_01_25_1790838085_R.png";"1";"2026-10-01 09:01:25"
"";"images_questions/TELECOM_dit/2026_10_01_08_59_35_1790837975_Q.png";"";"images_reponses/TELECOM_dit/2026_10_01_08_59_35_1790837975_R.png";"1";"2026-10-01 08:59:35"
"Comment sont installés les points de coupure en Cu dans les installations avec une tension > 500[V] (par. ex. installation haute tension) ?";"images_questions/TELECOM_dit/2026_09_30_22_58_42_1790801922_Q.png";"Séparation galvanique ou coupleur optique";"";"1";"2026-10-01 08:56:17"
"Comment éviter qu'un macro-élément (pile galvanique entre métaux différents) ne provoque la corrosion ?";"";"En installant des unités de séparation à diodes qui bloquent les courants de corrosion.";"";"1";"2026-10-01 08:44:26"
"";"images_questions/TELECOM_dit/2026_09_30_21_37_21_1790797041_Q.png";"";"images_reponses/TELECOM_dit/2026_09_30_21_37_21_1790797041_R.png";"1";"2026-09-30 21:37:21"
"";"images_questions/TELECOM_dit/2026_09_30_21_35_31_1790796931_Q.png";"";"images_reponses/TELECOM_dit/2026_09_30_21_35_31_1790796931_R.png";"1";"2026-09-30 21:35:31"
"";"images_questions/TELECOM_dit/2026_09_30_21_34_06_1790796846_Q.png";"";"images_reponses/TELECOM_dit/2026_09_30_21_34_06_1790796846_R.png";"1";"2026-09-30 21:34:06"
"";"images_questions/TELECOM_dit/2026_09_30_21_29_15_1790796555_Q.png";"";"images_reponses/TELECOM_dit/2026_09_30_21_29_15_1790796555_R.png";"1";"2026-09-30 21:29:15"
"";"images_questions/TELECOM_dit/2026_09_30_19_52_57_1790790777_Q.png";"";"images_reponses/TELECOM_dit/2026_09_30_19_52_57_1790790777_R.png";"1";"2026-09-30 19:52:57"
"Quelles sont les valeurs indiquées dans les textes floutés ?";"images_questions/TELECOM_dit/2026_09_30_19_47_15_1790790435_Q.png";"";"images_reponses/TELECOM_dit/2026_09_30_19_47_15_1790790435_R.png";"1";"2026-09-30 19:47:40"
"Quelles sont les valeurs indiquées dans les textes floutés ?";"images_questions/TELECOM_dit/2026_09_30_19_42_36_1790790156_Q.png";"";"images_reponses/TELECOM_dit/2026_09_30_19_42_36_1790790156_R.png";"1";"2026-09-30 19:46:22"
"";"images_questions/TELECOM_dit/2026_09_30_19_41_29_1790790089_Q.png";"";"images_reponses/TELECOM_dit/2026_09_30_19_41_29_1790790089_R.png";"1";"2026-09-30 19:41:29"
"";"images_questions/TELECOM_dit/2026_09_30_19_31_59_1790789519_Q.png";"";"images_reponses/TELECOM_dit/2026_09_30_19_31_59_1790789519_R.png";"1";"2026-09-30 19:31:59"
"";"images_questions/TELECOM_dit/2026_09_30_19_28_31_1790789311_Q.png";"";"images_reponses/TELECOM_dit/2026_09_30_19_28_31_1790789311_R.png";"1";"2026-09-30 19:28:31"
"Indiquer ce que signifient les acronymes de l'image";"images_questions/TELECOM_dit/2026_09_30_19_25_58_1790789158_Q.jpg";"";"images_reponses/TELECOM_dit/2026_09_30_19_25_58_1790789158_R.jpg";"1";"2026-09-30 19:25:58"
"Indiquer ce que signifient les acronymes de l'image";"images_questions/TELECOM_dit/2026_09_30_19_06_26_1790787986_Q.jpg";"";"images_reponses/TELECOM_dit/2026_09_30_19_06_26_1790787986_R.jpg";"1";"2026-09-30 19:10:40"
"";"images_questions/TELECOM_dit/2026_09_30_18_57_35_1790787455_Q.jpg";"";"images_reponses/TELECOM_dit/2026_09_30_18_57_35_1790787455_R.jpg";"1";"2026-09-30 18:57:35"
"";"images_questions/TELECOM_dit/2026_09_30_18_56_54_1790787414_Q.jpg";"";"images_reponses/TELECOM_dit/2026_09_30_18_56_54_1790787414_R.jpg";"1";"2026-09-30 18:56:54"
"Donner le nom des différents ""zones"" de câblage";"images_questions/TELECOM_dit/2026_09_30_17_49_48_1790783388_Q.png";"";"images_reponses/TELECOM_dit/2026_09_30_17_50_19_1790783419_R.png";"1";"2026-09-30 17:50:19"
"";"images_questions/TELECOM_dit/2026_09_30_17_39_15_1790782755_Q.png";"";"images_reponses/TELECOM_dit/2026_09_30_17_39_15_1790782755_R.png";"1";"2026-09-30 17:39:15"
"";"images_questions/TELECOM_dit/2026_09_30_17_36_54_1790782614_Q.png";"";"images_reponses/TELECOM_dit/2026_09_30_17_36_54_1790782614_R.png";"1";"2026-09-30 17:36:54"
"";"images_questions/TELECOM_dit/2026_09_30_17_25_02_1790781902_Q.png";"";"images_reponses/TELECOM_dit/2026_09_30_17_25_02_1790781902_R.png";"1";"2026-09-30 17:25:02"
"";"images_questions/TELECOM_dit/2026_09_28_17_55_03_1790610903_Q.png";"";"images_reponses/TELECOM_dit/2026_09_28_17_55_03_1790610903_R.png";"1";"2026-09-28 17:57:02"
"C'est un schéma de distribution en télécom. Vous devez nommer les zones <i>cachées </i>.";"images_questions/TELECOM_dit/2017_03_12_19_41_25_1489344085_Q.jpg";"Voici la réponse par l'image...";"images_reponses/TELECOM_dit/2017_03_12_19_41_25_1489344085_R.jpg";"1";"2026-03-10 14:32:46"
"C'est un schéma de distribution en télécom. Vous devez nommer les zones <i>cachées </i>.";"images_questions/TELECOM_dit/2017_03_12_21_10_44_1489349444_Q.jpg";"Voici la réponse par l'image...";"images_reponses/TELECOM_dit/2017_03_12_21_10_44_1489349444_R.jpg";"1";"2026-03-10 14:32:46"
"Quelques mots sur la technique de câblage en télécommunications pour réaliser l'introduction d'un bâtiment de moyenne grandeur.";"images_questions/TELECOM_dit/2022_06_05_13_22_52_1654428172_Q.png";"";"images_reponses/TELECOM_dit/2022_06_05_13_22_52_1654428172_R.png";"1";"2026-03-09 18:04:14"
"Pour le réseau câblé à haut débit (CATV), vous devez connaître le nom des zones principales.";"images_questions/TELECOM_dit/2017_03_11_23_47_36_1489272456_Q.jpg";"Accès, colonne montante, câblage d'appartement";"images_reponses/TELECOM_dit/2017_03_11_23_47_36_1489272456_R.jpg";"1";"2026-03-07 13:58:25"
"Nommer les éléments indiqués par les flèches.";"images_questions/TELECOM_dit/2017_04_16_13_31_26_1492342286_Q.jpg";"Selon les DIT (avec la faute d'orthographe d'origine). Chapitre: Mises à la terre et liaison équipotentielle. (PA) Potentialausgleich... Merci aux traducteurs.";"images_reponses/TELECOM_dit/2017_04_16_13_31_26_1492342286_R.jpg";"1";"2026-03-07 13:55:02"
"Signification de l'acronyme FTTH /D /S /C";"";"FTTC Fiber to the curb (Fibre jusqu'au trottoir)/FTTS Fiber to the street (Fibre jusqu'à la rue - bâtiment)/FTTN Fiber to the neighbourhood (Fibre jusqu'au quartier)/FTTB Fiber to the building (Fibre jusqu'au bâtiment)/FTTCab Fiber to the cab (Fibre jusqu'au sous-répartiteur)/FTTP Fiber to the premises (Fibre jusqu'aux locaux - entreprises)/FTTH Fiber to the home (Fibre jusqu'au domicile)/FTTE Fibre to the enterprise (Fibre pour les entreprises)/FTTO Fiber to the office (Fibre jusqu'au bureau - entreprises)/FTTLA Fiber to the last amplifier (Fibre jusqu'au dernier amplificateur)";"images_reponses/TELECOM_dit/2026_03_02_19_57_10_1772477830_R.jpg";"1";"2026-03-02 19:57:58"
"Donner le détail des abréviations utilisées.";"images_questions/TELECOM_dit/2022_06_04_16_11_27_1654351887_Q.jpg";"";"images_reponses/TELECOM_dit/2022_06_04_16_11_27_1654351887_R.jpg";"1";"2026-03-01 22:06:33"
"Discuter autour de cette image.";"images_questions/TELECOM_dit/2022_06_05_08_09_52_1654409392_Q.png";"";"images_reponses/TELECOM_dit/2022_06_05_08_09_52_1654409392_R.png";"1";"2026-03-01 21:41:28"
"Quelle est la section minimale de la liaison équipotentielle dans le coffret HAK ?";"images_questions/TELECOM_dit/2022_06_05_08_23_20_1654410200_Q.png";"Section minimale : 2.5 [mm2]";"images_reponses/TELECOM_dit/2022_06_05_08_23_20_1654410200_R.jpg";"1";"2026-03-01 21:40:50"
"Quelle est l'utilité de cet objet ?";"images_questions/TELECOM_dit/2022_06_05_08_28_40_1654410520_Q.png";"";"images_reponses/TELECOM_dit/2022_06_05_08_28_40_1654410520_R.png";"1";"2026-03-01 21:40:25"
"Surtout connaître les ACRONYMES";"images_questions/TELECOM_dit/2022_06_09_20_36_37_1654799797_Q.png";"";"images_reponses/TELECOM_dit/2022_06_09_20_36_37_1654799797_R.png";"1";"2026-03-01 20:32:56"
"Décrire les abréviations de ce dessin ?";"images_questions/TELECOM_dit/2017_03_11_18_14_21_1489252461_Q.jpg";"PRI Point de raccordement de l'immeuble. NTS Point de coupure réseau cuivre(Netz-TrennStelle) '";"images_reponses/TELECOM_dit/2017_03_11_18_14_21_1489252461_R.jpg";"1";"2026-02-28 23:36:18"
"En télécommunication, expliquez le dessin ci-dessous";"images_questions/TELECOM_dit/2017_03_11_13_27_24_1489235244_Q.jpg";"Le PIB (Point d'introduction dans le bâtiment) (building entry point) établit la jonction optique entre la ligne de raccordement (câble principal et câble d'introduction dans l'immeuble) et la colonne montante pour le FTTH. C'est dans le PIB que le câble extérieur est connecté au câble intérieur avec l'aide d'un appareil d'épissage par fusion. L'OFCOM précise les types de câbles, les exigences de qualité pour les épissures ainsi que l'installation et/ou le positionnement du PIB.";"";"1";"2026-02-28 23:34:57"
"Décrire la modulation suivante :";"images_questions/TELECOM_dit/2019_05_14_20_19_21_1557857961_Q.jpg";"Modulation de fréquence";"images_reponses/TELECOM_dit/2019_05_14_20_19_21_1557857961_R.jpg";"1";"2026-02-28 23:15:08"
"Que veut dire IoT et citer des applications de cette technique.";"images_questions/TELECOM_dit/2021_05_23_11_49_32_1720763432_Q.jpg";"Internet of Things (Internet des objets)";"images_reponses/TELECOM_dit/2021_05_23_11_49_32_1720763432_R.jpg";"1";"2026-02-28 23:12:16"
"Donner le détail des abréviations utilisées.";"images_questions/TELECOM_dit/2022_06_04_16_06_14_1654351574_Q.png";"";"images_reponses/TELECOM_dit/2022_06_04_16_06_14_1654351574_R.jpg";"1";"2026-02-28 22:37:32"
"C'est quoi ce truc utilisé dans le domaine des télécommunications ?";"images_questions/TELECOM_dit/2022_06_05_14_23_01_1654431781_Q.jpg";"C'est un module de raccordement pour ligne téléphonique. (Catalogue à consulter pour réussir l'examen CFC)";"images_reponses/TELECOM_dit/2022_06_05_14_23_01_1654431781_R.png";"1";"2026-02-28 22:21:25"
